Team code,Unprotected File List,What is the theme of your experiment?
jimspi,main.zip (2 Kb.): https://www.tfaforms.com/uploads/get/045473bb7e8cc285319724bbabe899ab-main.zip/212937/5a74f82355d10637a99234e07aa2c6a9,Life in Space
Hackers,Hackers.zip (1 Kb.): https://www.tfaforms.com/uploads/get/48ca0e9dd1055185dbeb06fa065006d5-Hackers.zip/212937/8b0e32c36a2daa2ae498a09aac6276f9,Life in Space
esoastropiteam,main.zip (2 Kb.): https://www.tfaforms.com/uploads/get/46d17536111a13ea1252b06e6e761cb7-main.zip/212937/4513490112ceaa00ce2e541bebb854f0,Life in Space
canadians,main.zip (2 Kb.): https://www.tfaforms.com/uploads/get/652c1011ef21f0c1881359e561e7c1b0-main.zip/212937/75537cbc57f0b1cee511573fce863b79,Life on Earth
nanotesla,nanotesla.zip (2 Kb.): https://www.tfaforms.com/uploads/get/77b6feaead254004517b1338f942750f-nanotesla.zip/212937/9f0da9236f8fc83915f2a4188c09947d,Life in Space
speediecodema,main.py.zip (1 Kb.): https://www.tfaforms.com/uploads/get/c0f0fde0601a1a441c92df3ae71ab167-main.py.zip/212937/ac2b832b830b413d654839945edda73b,Life on Earth
teamkannik,Arkiv.zip (2 Kb.): https://www.tfaforms.com/uploads/get/566ce45ae49f7f69d3e38f8947742c32-Arkiv.zip/212937/8c7fb185366b2dc2c128eb8e520bc0d9,Life in Space
moonty6,moonty6.zip (2 Kb.): https://www.tfaforms.com/uploads/get/5b27185e03e45dfd9f390f8bc17bcb8d-moonty6.zip/212937/0f3335eb9484ede43186c0085ec94a94,Life in Space
Astrogen,astrogen.zip (2 Kb.): https://www.tfaforms.com/uploads/get/481b0b4d1a0835353c982574d5a268e9-astrogen.zip/212937/ab0ea027ab6ff5d2fab48539576928c7,Life in Space
marsonauts,main.zip (1 Kb.): https://www.tfaforms.com/uploads/get/2e4e14e81574c458928b717c1cf48475-main.zip/212937/257118931d68fc8ca5c32290419366ce,Life in Space
flsspacelab,04-RaspberryPi.zip (4 Kb.): https://www.tfaforms.com/uploads/get/3b67997bc594ac3c1b88983d59b9f162-04-RaspberryPi.zip/212937/31d76656e2e77367bee24f77ae63a8fc,Life on Earth
cnglguccigmailcom,main.py.zip (2 Kb.): https://www.tfaforms.com/uploads/get/b204c4403c9a2843c360349aec2b7331-main.py.zip/212937/eefb932f09278672dbec2e999bd5e746,Life on Earth
robone,robone.zip (3 Kb.): https://www.tfaforms.com/uploads/get/d8177b63c88358042e11b34196b4385a-robone.zip/212937/648dee9c7776a4f3c42d2a329ea1fa05,Life on Earth
fuzuzu,codice.zip (2 Kb.): https://www.tfaforms.com/uploads/get/9d00cc672a7c77dc2a67fa68f8b5254e-codice.zip/212937/e866b3b82548a144aed7a81a2fb21a5f,Life on Earth
astrotigrid,main.py.zip (2 Kb.): https://www.tfaforms.com/uploads/get/14d1c3da6fea89a5f95870442f40f274-main.py.zip/212937/cba34adf6f879ba58e6d276d9e7b3503,Life on Earth
piinthesky,Pi in the Sky.zip (3 Kb.): https://www.tfaforms.com/uploads/get/ba0a9046a0bdb84db794031d896b506d-PiintheSky.zip/212937/b113f8de09bb821ee0911b06dea953e2,Life on Earth
cusanusastronauts,main.zip (2 Kb.): https://www.tfaforms.com/uploads/get/03cb0e972780ea2b093c0c02b46cc601-main.zip/212937/cb900c1219f1148480af9b408417bc9e,Life in Space
moonty6,moonty6.zip (2 Kb.): https://www.tfaforms.com/uploads/get/b0611bfc2fa829f47e0dd49a51e397c0-moonty6.zip/212937/8a6ed7d291f101f126324d1ca36b95c6,Life in Space
projectizzy,main.zip (3 Kb.): https://www.tfaforms.com/uploads/get/350add97ff1bd79745c6fd8e438a9160-main.zip/212937/a53e0bba168cfab7fd0b98c3347d4209,Life on Earth
superingenieras,main.zip (3 Kb.): https://www.tfaforms.com/uploads/get/147ac3533b6a436c6aae4cda3fb7db1b-main.zip/212937/ff568d440e3d6a5afa023982a2e92ef4,Life on Earth
elspitagorics,Main.zip (1 Kb.): https://www.tfaforms.com/uploads/get/f3ee95b1b29b72228ea9ae968bbd98b2-Main.zip/212937/4f730af9433a3f8ead6f0abfb60b483b,Life in Space
robone,robone.zip (6 Kb.): https://www.tfaforms.com/uploads/get/0d9403eb44ff2506c84c426279ae3220-robone.zip/212937/55708a270b84545cd0a41ef63c0f8ba7,Life on Earth
archaeo,main.zip (1 Kb.): https://www.tfaforms.com/uploads/get/d3e538bafb124acce65a3803177804e4-main.zip/212937/7342b8254b45f66c08a12d959cb58b41,Life on Earth
ehm,ezyzip.zip (1 Kb.): https://www.tfaforms.com/uploads/get/4e359240d2671051ec1a28ee00adeef3-ezyzip.zip/212937/6324610a3d9e39b1d9abda2f712b8169,Life on Earth
moonwalkers,main (1).zip (1 Kb.): https://www.tfaforms.com/uploads/get/3964a2b5c1ff36289ad226b3dc95c696-main1.zip/212937/8d086e846cacb295a0dbb440ed466f30,Life in Space
robone,robone.zip (6 Kb.): https://www.tfaforms.com/uploads/get/38f532f91681f5bc2f88d4ae7e7f8f80-robone.zip/212937/f02167b278f449ca929206702e9321f7,Life on Earth
packmen,packmen.zip (1 Kb.): https://www.tfaforms.com/uploads/get/d72e7470465fe3e0ad28b10a6b8608e9-packmen.zip/212937/28cabad7c111ef4c1fb577c64f8dcde3,Life in Space
orbitalmechanics,orbitalmechanics.zip (1 Kb.): https://www.tfaforms.com/uploads/get/4a52cf69a1b1bb56e1d2fe9028b14f01-orbitalmechanics.zip/212937/27e3d9f0a5adbd354dbd240bd1c5c4f9,Life in Space
climatepi,climatepi.zip (2 Kb.): https://www.tfaforms.com/uploads/get/9f0d9a7ab96c555b31ffd457cdef57f9-climatepi.zip/212937/9b9ca7351460b104f9863227709e44f2,Life on Earth
uranoteam,uranoteam.zip (4 Kb.): https://www.tfaforms.com/uploads/get/7ca36689f45717ed463c271ff9130cea-uranoteam.zip/212937/95177ecac73e657b3858f65142a1ada2,Life on Earth
greatcodemavip,Great Codema VIP.zip (99 Kb.): https://www.tfaforms.com/uploads/get/5f5b245cbd3a53c895074f25c19b37c8-GreatCodemaVIP.zip/212937/3bc65786574f314e7000d1694b2d50fc,Life in Space
54fbc2c9ac9d9dd634725107a,Great Codema VIP.zip (99 Kb.): https://www.tfaforms.com/uploads/get/158a57b85b551ae676160524f5ce6866-GreatCodemaVIP.zip/212937/84cbf9abe01bda0c791ecfa7f00218f0,Life in Space
nikolaka,main.py.zip (3 Kb.): https://www.tfaforms.com/uploads/get/74cd3686c69e8f1f3f5ed86b88ca9883-main.py.zip/212937/9e72c98d422fb5f1e2ae4bed06b1987f,Life in Space
saturnoteam,saturnoteam.zip (4 Kb.): https://www.tfaforms.com/uploads/get/edb5f7b7c0b51e40c7ec89d512cc5f64-saturnoteam.zip/212937/e2bbc370b20d0fafbf9c9fce39106379,Life in Space
teamgiupiter,teamgiupiter.zip (3 Kb.): https://www.tfaforms.com/uploads/get/1bac6be6873d8155f97afa48acf6bb7a-teamgiupiter.zip/212937/d1b48cfb4d8a6562036d4a48a6d45a92,Life in Space
stiftselite,stiftselite.zip (1 Kb.): https://www.tfaforms.com/uploads/get/b802a3fdf6a34be6689a5e6f7a095bea-stiftselite.zip/212937/6ee407f91f39b59740c534d8a520dae5,Life on Earth
Katowice Space Science Group,main.zip (2 Kb.): https://www.tfaforms.com/uploads/get/359ef8bbd8172d85e4970c4849a4d255-main.zip/212937/27232f61fd5c3e9df9673976bd5719ff,Life on Earth
spacetrackers,spacetrackers.zip (3 Kb.): https://www.tfaforms.com/uploads/get/b0e9a8cb2e3da6b165e65631818d58f2-spacetrackers.zip/212937/1c88141951ab2729a8bf2ce78902d712,Life in Space
cloud4,main.zip (4 Kb.): https://www.tfaforms.com/uploads/get/79500d1d4c42858edeceadda81a61f91-main.zip/212937/bdef068ace75e8a34adf09a20e3abdbb,Life on Earth
vanallen,vanallen.zip (3 Kb.): https://www.tfaforms.com/uploads/get/32bf4dd0412c4292ef6b5cb18080d34d-vanallen.zip/212937/b0771a74501cacb8b70f171b609d33bd,Life on Earth
spatialclima,spatialclima.zip (3 Kb.): https://www.tfaforms.com/uploads/get/4b25b55380d9796d17f41b0d39d8909f-spatialclima.zip/212937/264e0df937c372f5eb23a8d2f8b586d5,Life in Space
todo,todo_final.zip (3 Kb.): https://www.tfaforms.com/uploads/get/d2ba018f4a5407bbdf9e0cadec35a251-todo_final.zip/212937/ed1de99615c87eee4e5901dff7d72cc2,Life in Space
runners,runners.zip (3 Kb.): https://www.tfaforms.com/uploads/get/f11e0af6f2f59681af46042642d5578d-runners.zip/212937/6f43b4e28a9ac3740f9485ffbdbdb6c2,Life on Earth
greenbreath,greenbreath.zip (3 Kb.): https://www.tfaforms.com/uploads/get/32e77cd2b30ccc999143fd8a9c700fcd-greenbreath.zip/212937/bacc5a924119d6fb44315ae19bb9e69c,Life on Earth
oradeaspacerobotics,main.zip (2 Kb.): https://www.tfaforms.com/uploads/get/12a4be8a889b3d09fb028f70d5db1458-main.zip/212937/1ac22e3a6dc9662b000500c6d763be9c,Life on Earth
earthobserver,earthobserver.zip (3 Kb.): https://www.tfaforms.com/uploads/get/ec8e97c28da8f2552aae4e95bd81aed8-earthobserver.zip/212937/29785434a1dd8fd97406045f0af8cff9,Life on Earth
northpole,northpole.zip (3 Kb.): https://www.tfaforms.com/uploads/get/664b35acdd4366d8d7e763bf51296de9-northpole.zip/212937/7a84e851aa1da0170bc2fef169100f98,Life on Earth
luenespace,main.zip (1 Kb.): https://www.tfaforms.com/uploads/get/d7561373675a541fdba10363cc4130cd-main.zip/212937/0c139ac8b289bb9e758f792f441a87fa,Life on Earth
teamspaceballs,teamspaceballs.zip (1 Kb.): https://www.tfaforms.com/uploads/get/730e6f21302751b17d8916b58194f33c-teamspaceballs.zip/212937/51383472a0ce32e0bcef74b8a051c4db,Life in Space
keinrabatt,keinrabatt.zip (1 Kb.): https://www.tfaforms.com/uploads/get/6a0d0b59d6f0dd390846e5316fb9ee05-keinrabatt.zip/212937/9d4d38311c2c80d501cbabadce29be05,Life on Earth
dualcore,main.zip (1 Kb.): https://www.tfaforms.com/uploads/get/e4751bc6dd6c173488f572963475cb63-main.zip/212937/6068119796efb2f5b555bc195f6567c3,Life on Earth
teambevellemelisk,TeamBevelLemelisk.zip (4 Kb.): https://www.tfaforms.com/uploads/get/051e3fca85b3529de148c56930cd83a8-TeamBevelLemelisk.zip/212937/6c1d6e5eb867aa692b8988a2b727c7be,Life in Space
spaceprinces,thisisearth2.zip (1 Kb.): https://www.tfaforms.com/uploads/get/f5f2ca4bda4e2e63955e5db5128a61e8-thisisearth2.zip/212937/d2910f1cb06ca077f06dda777d720cb5,Life on Earth
papapale,aspro pi zip file.zip (1 Kb.): https://www.tfaforms.com/uploads/get/b6d6396b415d458df04326831702a21a-aspropizipfile.zip/212937/ba0409e3d3e5ca519d60f3deb7308a20,Life on Earth
astrotau637,zip.zip (1 Kb.): https://www.tfaforms.com/uploads/get/fb6fb5140706d6b4f1cbb1c1ff1b485f-zip.zip/212937/be2946b9ee70ba2d4cf4aa3432500085,Life in Space
queens,QueenS.zip (1 Kb.): https://www.tfaforms.com/uploads/get/488d233f3e5c5cc8d2f5edec48079ee7-QueenS.zip/212937/d10f6d7a8020858f7316028e6a79df0e,Life on Earth
dualcore,main.zip (1 Kb.): https://www.tfaforms.com/uploads/get/bfe385e3c378a823558fde8759481992-main.zip/212937/f875b217cfc51de040c194ed1fc13bd0,Life on Earth
aguacateblando,aguacateblando.zip (1 Kb.): https://www.tfaforms.com/uploads/get/e64c5c8591db6864f57ffc38a9f4619c-aguacateblando.zip/212937/57f5f00c1a3beb098dfa4c6d3cf40e02,Life in Space
ultimaspace,ultimaspace.zip (2 Kb.): https://www.tfaforms.com/uploads/get/2a9ef0551ff1698a59bbd1e025d2ca19-ultimaspace.zip/212937/4916cf602f9045f818ece0542c404136,Life on Earth
princesofthemoon,thisisearth2.zip (1 Kb.): https://www.tfaforms.com/uploads/get/deb98535af10f869c15d36465c5fc9b2-thisisearth2.zip/212937/87558040d51cec0f2321844ddc4e358b,Life on Earth
lavalira,main.zip (2 Kb.): https://www.tfaforms.com/uploads/get/b05c9d168815bede58e9d26e480564dc-main.zip/212937/c9a6861e48182a805238404991db305c,Life in Space
keplerteam,keplerteam.zip (3 Kb.): https://www.tfaforms.com/uploads/get/80758b9de9e16199e4b87f13a6cf18fb-keplerteam.zip/212937/653f275761606a8ee7e72abfdfeb7375,Life on Earth
incrediblespace,ISS.zip (2 Kb.): https://www.tfaforms.com/uploads/get/8b0f69fe51e413ed2db4a62fcb0f61ea-ISS.zip/212937/cb740381be82396ee01bad2e7eaeab3c,Life on Earth
planetinvestigators,planet investigators.zip (2 Kb.): https://www.tfaforms.com/uploads/get/9ac5c295c2bb3ac1276f4d36b1fddcd6-planetinvestigators.zip/212937/da0ada0c642039edf652fcbc75915ed7,Life on Earth
sciencealliance,zip.zip (1 Kb.): https://www.tfaforms.com/uploads/get/39fff1af7287f084b6c57e8fca2fd34f-zip.zip/212937/2cf293b8b9c75333de3c6b941b70154d,Life on Earth
spacedout1,spacedout1.zip (2 Kb.): https://www.tfaforms.com/uploads/get/13ba610dfa68aae79318e27339dc7ce2-spacedout1.zip/212937/b40393bb6f80d8c2c4a4d233c3c57257,Life on Earth
luenemission,main.zip (2 Kb.): https://www.tfaforms.com/uploads/get/cb46de142a518764d026ce014c44096d-main.zip/212937/7f114e33a1d3c8e0a8ce310cfb221d5c,Life in Space
spacecologist,main.zip (2 Kb.): https://www.tfaforms.com/uploads/get/d2f1bb25077d2d71187d5b4b007e66e6-main.zip/212937/e4d9aa7ddd05a88c49c4385e2cada075,Life on Earth
teamname,teamname.zip (2 Kb.): https://www.tfaforms.com/uploads/get/e9645245a64c8391e21fe8527cc01ac5-teamname.zip/212937/2cfc268631bc6faf746f96001ed6f7d3,Life on Earth
astro2020cat,main.zip (1 Kb.): https://www.tfaforms.com/uploads/get/6cb950a3c5ae55050f185beb2261017c-main.zip/212937/ee2db942b75ce1cb7f17a51a16db7b26,Life in Space
ponente,Ponente's_code.zip (0 Kb.): https://www.tfaforms.com/uploads/get/e0f9fd57d8824e47e9f2502657ccfe85-Ponentes_code.zip/212937/820fa777a3e6ccdbdd21d5e625805b9c,Life on Earth
salaminianspace,salaminianspace.zip (1 Kb.): https://www.tfaforms.com/uploads/get/b3e09b439ad3c2988e8c194155124b7d-salaminianspace.zip/212937/0234a5a326a8d0557249fd83c53f5af3,Life in Space
earthobservers2020,earthobservers2020.zip (2 Kb.): https://www.tfaforms.com/uploads/get/2c009cf9e6b842b9a9c45898bccb4c4f-earthobservers2020.zip/212937/d6402a9b02a728cb7372d43282fd9fa4,Life on Earth
adstella,adstella.zip (1 Kb.): https://www.tfaforms.com/uploads/get/ee67be58f93707bb740cc1a2dded9d72-adstella.zip/212937/0f95dca6b16ec9414644064f21a23a9a,Life on Earth
codaeter,main.pi.zip (8 Kb.): https://www.tfaforms.com/uploads/get/e18b50cb09c7bc12789bca62a57da3e6-main.pi.zip/212937/40721c4ff7016df972007b152c3788a8,Life on Earth
teamkvadda,Astro-pi-kvadda-master (2).zip (9 Kb.): https://www.tfaforms.com/uploads/get/8157de125091eb5be0608f554fbe3fd2-Astro-pi-kvadda-master2.zip/212937/d75c3fb30caa6a5393ec63e60201e0c3,Life on Earth
procyon,main.zip (0 Kb.): https://www.tfaforms.com/uploads/get/b97f81ba1f4e106ac11a5b8284b661ae-main.zip/212937/aed760a8b43a706fa203db6ee991a4b2,Life on Earth
teamgiupiter,teamgiupiter.zip (3 Kb.): https://www.tfaforms.com/uploads/get/7b30327e03207753668e86017cd8d8e9-teamgiupiter.zip/212937/ea22d0ad2f1baf1fd135b9c6b3830045,Life in Space
entropi,entro_pi.zip (4 Kb.): https://www.tfaforms.com/uploads/get/8a0c997d37b32c3ba983d748b2290a63-entro_pi.zip/212937/8c1dfcaddcfef0f8768afee183298ac1,Life in Space
ottospace,ottospace.zip (1 Kb.): https://www.tfaforms.com/uploads/get/97836fa6c75bbcc110a2ab6221368a2c-ottospace.zip/212937/f0bf361d829c9ccd34dfa1d81e88edea,Life on Earth
lolucaber,lolucaber.zip (2 Kb.): https://www.tfaforms.com/uploads/get/5c7812650a42c881ab2abb52af30e8ee-lolucaber.zip/212937/4104701d207de159beef783ba498274e,Life on Earth
algeadetectors,main.zip (1 Kb.): https://www.tfaforms.com/uploads/get/7c852cc95a0893e44b858fc3cd4b55b8-main.zip/212937/8299944ebfd6641858ad148857359e05,Life on Earth
saturnoteam,saturnoteam.zip (3 Kb.): https://www.tfaforms.com/uploads/get/85f19fd70e9a47afc7443174e97cc244-saturnoteam.zip/212937/c09f656b7289f48b2f24a0f2408bc934,Life in Space
pollutioncops,main.zip (1 Kb.): https://www.tfaforms.com/uploads/get/d7156e38fb2a678627e6f53eda1e3f60-main.zip/212937/cf3af6576054ddf9cfcb78428baa655b,Life on Earth
astron,main.zip (1 Kb.): https://www.tfaforms.com/uploads/get/a98a49ff82a8c6e767c9c7d8c47a64e2-main.zip/212937/ddaaed5cfef0f30d5fcd6afac774ab97,Life on Earth
electroastronauts,main.zip (2 Kb.): https://www.tfaforms.com/uploads/get/58cc8c90354b1eded80a6fb5b88f02f5-main.zip/212937/fee4044e4c674796914e7760abae2b2f,Life in Space
teamrocket,TeamRocket.zip (2 Kb.): https://www.tfaforms.com/uploads/get/acbf77e00aa860d90f2ce91b58caa73e-TeamRocket.zip/212937/35447dfde229e8f194382ab79cc6b8d9,Life in Space
liceusat,main.zip (1 Kb.): https://www.tfaforms.com/uploads/get/8ae1dfa304949c2998fec10f40dbd20f-main.zip/212937/ab0c06f4183ee1124577695898688454,Life in Space
easypeasycoding,easypeasycoding_main.zip (2 Kb.): https://www.tfaforms.com/uploads/get/098891adde27ffb192b5bfd04c0e080f-easypeasycoding_main.zip/212937/5e68593b7947f5396b6d45722a89618a,Life on Earth
uranoteam,uranoteam.zip (3 Kb.): https://www.tfaforms.com/uploads/get/db2e58daf72abd3be11ca7796adec0d7-uranoteam.zip/212937/c6bee292941283cf8f4a978be927f06e,Life on Earth
luenevision,main.zip (2 Kb.): https://www.tfaforms.com/uploads/get/097d06937dce778305523ce8d356d1ce-main.zip/212937/8522dbd3ee75887a5f608d2ce0147b13,Life on Earth
pmalaju,main.zip (3 Kb.): https://www.tfaforms.com/uploads/get/4587a0548b8e8b1eec711ecfee6dd118-main.zip/212937/88944a952630bb62247799a8ef2c488a,Life in Space
gretainthespace,gretainthespace.zip (1 Kb.): https://www.tfaforms.com/uploads/get/b52113f158fa3ac7f46f88ab4397e126-gretainthespace.zip/212937/1e2da02ce48d6671c934bf8021b6c6e0,Life on Earth
gramscikeynes,Gramsci-Keynes.zip (337 Kb.): https://www.tfaforms.com/uploads/get/ee71c3abd32e5f517c0be9dfc7701568-Gramsci-Keynes.zip/212937/9b271cce8aa5c773cbf1f1053b1fafe8,Life in Space
spaceinvestigators,Space Investigators.zip (2 Kb.): https://www.tfaforms.com/uploads/get/cff2a1691728f900a0e0c1dcfb338833-SpaceInvestigators.zip/212937/86b4eb667a5d9173bc11d5b2e21b78ee,Life on Earth
cloudwizzards,cloudwizzards.zip (2 Kb.): https://www.tfaforms.com/uploads/get/64b10c34fc484a1ae72a7570b1cd4331-cloudwizzards.zip/212937/55cccf6c6019ca7ca68489b63eaf3e31,Life on Earth
greenteam2,main.zip (1 Kb.): https://www.tfaforms.com/uploads/get/32e5a8d3415accccbe73c4c0e4e07f60-main.zip/212937/20f7bc62903e77710fd612f15a17d823,Life on Earth
spacelci,space_LCI.zip (2 Kb.): https://www.tfaforms.com/uploads/get/b46eac8cad7362e48b489ca55d41b092-space_LCI.zip/212937/afb0780a126d9ec3b09c969b501b2448,Life in Space
astrolorenzini,main_py.zip (2 Kb.): https://www.tfaforms.com/uploads/get/d7d51436e28ac8b28efec44a3c1d28eb-main_py.zip/212937/577413fc21cbed8a851d0963fbda8c59,Life on Earth
palladiospaceteam,Palladio Space Team.zip (3 Kb.): https://www.tfaforms.com/uploads/get/0db4971f6f6f32bd146fc53a608f51ec-PalladioSpaceTeam.zip/212937/0d28a61e4c26da5883ff48b891301cec,Life in Space
astropi,main.py.zip (4 Kb.): https://www.tfaforms.com/uploads/get/2e35755e0fe71cabbc14fc7e4fb29b83-main.py.zip/212937/2c0fb48354db7453b87397c1a4c9aa7c,Life on Earth
astroandreae,AstroAndreae.zip (8 Kb.): https://www.tfaforms.com/uploads/get/bc9ee3eda3ae8c65ba265622a0c981c4-AstroAndreae.zip/212937/fd4f71cfda84d5d5dfa8d4b5a974a678,Life on Earth
lueneversum,main.zip (1 Kb.): https://www.tfaforms.com/uploads/get/8310e8ccdb01638f1470c12d2afee94c-main.zip/212937/7bd6bf68a397a81d88140512d7636226,Life on Earth
teambigbang,astro.zip (2 Kb.): https://www.tfaforms.com/uploads/get/80552c8ad78a291c86ba7733f051ba17-astro.zip/212937/9222c8926981fd3f105ede19b5c21340,Life in Space
teambigbang,astro.zip (2 Kb.): https://www.tfaforms.com/uploads/get/15edebb9c3d6431df34224ce9eb99028-astro.zip/212937/71841256d9d8a8523e81bc68f657bc8c,Life in Space
saintmichel,main.zip (4 Kb.): https://www.tfaforms.com/uploads/get/13366e2be22cb9d96aedc149a210d2dc-main.zip/212937/2fd6b6854561d4b608a5c6b88b7b6df6,Life on Earth
losfokus,losfokus.zip (2 Kb.): https://www.tfaforms.com/uploads/get/79cab804190862f5f9776fe5b1147c23-losfokus.zip/212937/c4192c328a0e4763020a0343482b5a5f,Life in Space
pardubicepi,pardubicepi.zip (2 Kb.): https://www.tfaforms.com/uploads/get/c0c9ccafbea42b863bf13c954c27c5d7-pardubicepi.zip/212937/f6802bce898eb5bc565c25379c679cb5,Life on Earth
fj,fj.zip (2 Kb.): https://www.tfaforms.com/uploads/get/00aec0d077254e85853e9163d7bd90dd-fj.zip/212937/5b3d5ad9408b24ee928d165df85086c9,Life on Earth
cdvteam1,Astrometingen.zip (1 Kb.): https://www.tfaforms.com/uploads/get/afc7c88a0781ae55bdede95b14fda2e5-Astrometingen.zip/212937/82973c4ea4e58203a8a4d7a74c6fc995,Life in Space
theateam,theateam.zip (2 Kb.): https://www.tfaforms.com/uploads/get/5753d8b4460fe7182532e7f74db9bcbd-theateam.zip/212937/e0f6d2497127f032cbd9b3aa6bb108a5,Life in Space
unknown,main.zip (1 Kb.): https://www.tfaforms.com/uploads/get/ab5e5615c61ba6cd9d9d801ddce95a09-main.zip/212937/497bd0ec91b978103717520d3794cf6c,Life in Space
woodsmissionteam,WOODSProject.zip (9 Kb.): https://www.tfaforms.com/uploads/get/ae0594760b33b24cc06598e40427d360-WOODSProject.zip/212937/e11deb25f41828e682f45d6a2b486577,Life on Earth
pigeons,main.zip (1 Kb.): https://www.tfaforms.com/uploads/get/deec4994e64fdbab46f984425e84fc8e-main.zip/212937/1a9a72ddf3e9dc926234498dd83d93d7,Life on Earth
nestonstemclub3,NestonHighStem3.zip (1 Kb.): https://www.tfaforms.com/uploads/get/9006b98aa3a602406fc1f477881414c4-NestonHighStem3.zip/212937/5be209c595ff3ad5ecc14e2064e1a48f,Life in Space
corad,main.zip (1 Kb.): https://www.tfaforms.com/uploads/get/25f427576972d1a7dc6c589fe8fe7dfd-main.zip/212937/dd9a5e0b7632984c857509e2a52b994a,Life in Space
ibaizabal,programa2.zip (1 Kb.): https://www.tfaforms.com/uploads/get/85e9eae09781a0be23d38219917d9201-programa2.zip/212937/3ec30ff2aa09730498ea5256f7e65026,Life on Earth
nestonstemclub2,NestonHighStem2.zip (1 Kb.): https://www.tfaforms.com/uploads/get/ba0c994cc6f7b95cc180ad47dc647353-NestonHighStem2.zip/212937/6a3ab3ed9457e65e4fc191a044af96d5,Life in Space
1082squadronatc,msl2019.zip (17 Kb.): https://www.tfaforms.com/uploads/get/06155c77b1d8a8a703a65c7c0f62639c-msl2019.zip/212937/dd65ec70a428c2c8ea070b015e22adf9,Life on Earth
spacejacks,spacejacks.zip (1 Kb.): https://www.tfaforms.com/uploads/get/c7eab8db7ccfa52e4d21b3cbf9b96e71-spacejacks.zip/212937/41ed352f02ba8b8c3c460bf47fb3562d,Life on Earth
printx,main.zip (1 Kb.): https://www.tfaforms.com/uploads/get/75800986f44238dc1b5ac42032ad8119-main.zip/212937/807b921404c3665156583b72c27b14f3,Life in Space
astripi3,main .py.zip (2 Kb.): https://www.tfaforms.com/uploads/get/10bf11c75905dd0f37828fc9ddddb21b-main.py.zip/212937/a6f5aa724a30fe82e9f9f0972668600a,Life in Space
spacetravelers,space travelers.zip (1 Kb.): https://www.tfaforms.com/uploads/get/5afaa996cd8711923b5abb17633d0057-spacetravelers.zip/212937/d8220032753bb59193d4177d2beefa44,Life on Earth
rgbplanetspis,RGBPlanetSPIs.zip (3 Kb.): https://www.tfaforms.com/uploads/get/0c3feed39726ceabff6d3b2571dfb29b-RGBPlanetSPIs.zip/212937/d82bda1606804b25f77a9fa93ad20960,Life on Earth
compostella,compostella.zip (1 Kb.): https://www.tfaforms.com/uploads/get/ab227a9ce77c567eca3579c25d4c9c4e-compostella.zip/212937/043db0f09b3338d4e3f80ee8cc6d278a,Life in Space
isaac,isaac project.zip (1 Kb.): https://www.tfaforms.com/uploads/get/bbc190e3c249bda06f5dc912275233d4-isaacproject.zip/212937/7ec4012a1bab9e364c2ee928691a1d2c,Life in Space
gramscikeynes,Gramsci-Keynes.zip (337 Kb.): https://www.tfaforms.com/uploads/get/2c995a1c9286ff71b1a6dd5137b77093-Gramsci-Keynes.zip/212937/efffd6dd5daa3145b11638f9f4184410,Life in Space
camuscom,main.zip (2 Kb.): https://www.tfaforms.com/uploads/get/3d4a947365eabc790c9208e3a4bab0fb-main.zip/212937/ed2dcc8ae97cd2c68564fc766b1cd1c6,Life on Earth
astrocats,FinalCodeAstroCats.zip (1 Kb.): https://www.tfaforms.com/uploads/get/3ff6e0638011c54bc6254ddb590d24df-FinalCodeAstroCats.zip/212937/f8615a9e308d6b24f652015da86ed29e,Life on Earth
beepi,BitBEE.zip (1 Kb.): https://www.tfaforms.com/uploads/get/c0ee19cba9606e6e79b15ca7650a012f-BitBEE.zip/212937/218d765153c91cdb0cebd6771fa7c018,Life in Space
bhteamjs,main.py.zip (1 Kb.): https://www.tfaforms.com/uploads/get/b02bbef46b36af5d8fbadc19024a8b15-main.py.zip/212937/4fa12ce35b6335c70e48191023199cf0,Life on Earth
vianucoders,vianucoders.zip (1 Kb.): https://www.tfaforms.com/uploads/get/793b3deb46b4f00eae8ecad7d282d3b1-vianucoders.zip/212937/fae105ace73f0f3c8e63def1bebca36e,Life on Earth
bhteamjl,main.py.zip (1 Kb.): https://www.tfaforms.com/uploads/get/73c0d10db6371e7eb1b755b4b47ab8e1-main.py.zip/212937/f132364f034dcb4f0d527944a287b199,Life on Earth
pithon,PiThon.zip (9 Kb.): https://www.tfaforms.com/uploads/get/ed1e90c3538acaab8ffedb039ebc71dd-PiThon.zip/212937/f9a4bc62a55a830970da6b409b767dea,Life in Space
bloomers,bloomers.zip (1 Kb.): https://www.tfaforms.com/uploads/get/e23464efcba5bd35290c45fc2578b4f7-bloomers.zip/212937/8233852c9031b162c1314c4008468520,Life on Earth
pmtorcas,main.zip (3 Kb.): https://www.tfaforms.com/uploads/get/313a64da646426173fd252f497af9d48-main.zip/212937/d82d2d3e88ced1cc87cb0f87071d95f1,Life on Earth
astrovi,main.zip (3 Kb.): https://www.tfaforms.com/uploads/get/b3cd96ce62a43d01993afd757d08b952-main.zip/212937/7f707debd1f50e57a4cfe422cd9c5c13,Life on Earth
monicastro,final.zip (1 Kb.): https://www.tfaforms.com/uploads/get/349df4b177778cc0392ec00584c01aaa-final.zip/212937/0902d4213a2eccbe9bed84170109d84d,Life on Earth
astro3,Astro3.zip (1 Kb.): https://www.tfaforms.com/uploads/get/5518d1475f5ec441db51eb71ecd7c166-Astro3.zip/212937/f0c91c96138f81912d68b15d17a7d2d2,Life on Earth
Ascension,ISS_Ascension.zip (1 Kb.): https://www.tfaforms.com/uploads/get/a2b3da1fa35203c09f1153ad9516c2c7-ISS_Ascension.zip/212937/516660dbdbc66afb0343b9c2583bb21c,Life on Earth
desertizzy,DesertIzzy.zip (1 Kb.): https://www.tfaforms.com/uploads/get/054320db769de9d5924db04c70154177-DesertIzzy.zip/212937/11e9fc00c036f4d60444ec1d4b19edd2,Life on Earth
cuttothespace,Astropi Y Pant.zip (1 Kb.): https://www.tfaforms.com/uploads/get/ea1a76006680459c0a5bd55012b35001-AstropiYPant.zip/212937/5343b5a34f739532466a471451522c75,Life on Earth
ISP,ISP Astro pi.zip (1 Kb.): https://www.tfaforms.com/uploads/get/668da60d37571219f3624afdc0de55cd-ISPAstropi.zip/212937/9112ebfd073d23d92d05a53ef78c5cae,Life in Space
califragio,main.zip (1 Kb.): https://www.tfaforms.com/uploads/get/7f30843a7193c9d5691faa6fcea33761-main.zip/212937/174a0111af600855328872d90121bbc2,Life on Earth
catterlinespacev,catterlinespacev.zip (1 Kb.): https://www.tfaforms.com/uploads/get/1dc90a4cd4f4a84e1579a5818b3a486c-catterlinespacev.zip/212937/97808014147cbf09ac28397a5a7ad72f,Life on Earth
cmpi,CM_Pi.zip (1 Kb.): https://www.tfaforms.com/uploads/get/9867e22d4864482f6fc1c0bc78bc9f39-CM_Pi.zip/212937/3f7367048e12c6fe1d3d08c3f6c92211,Life on Earth
catterlinespacem,catterlinespacem.zip (1 Kb.): https://www.tfaforms.com/uploads/get/6fa70e4288e36b8225a63b15f76bf1ae-catterlinespacem.zip/212937/9341d331aba3f2fd79e59c94f9dc1d07,Life on Earth
apanels,apanels.zip (1 Kb.): https://www.tfaforms.com/uploads/get/1f8ef92b41e4aebde273fc4acd8ea55e-apanels.zip/212937/04cb18429c395553eab76a4f45c35ba2,Life on Earth
xmpht,main.zip (2 Kb.): https://www.tfaforms.com/uploads/get/7c38835f1111bf5d01858114a3515dfa-main.zip/212937/f0b00cbcf2e2704c65aa3ccc0ad45565,Life in Space
BENDIS,bendis.zip (2 Kb.): https://www.tfaforms.com/uploads/get/d6d771929a290917fab9520e4e6e85ec-bendis.zip/212937/31e5ddd6a0fdc1f0c3624217a25669db,Life on Earth
ff69b4e621,main.zip (2 Kb.): https://www.tfaforms.com/uploads/get/88b3a5093884cbe69f9e37bec27f391a-main.zip/212937/6d0510fca88b0451f74cb1296786cd02,Life in Space
marshmallows,main.zip (2 Kb.): https://www.tfaforms.com/uploads/get/6fd933c1524ae49fbb0251b81c6d95fb-main.zip/212937/b886814ce43ac6b645d45404460bcb9e,Life in Space
gteteam,gteteam_finalcode.zip (1 Kb.): https://www.tfaforms.com/uploads/get/e7e54258c4c43cb8d11f653d103c8000-gteteam_finalcode.zip/212937/f19f9541594e432f563b03182f13b5b3,Life in Space
magnetictnt,magnetictnt.zip (2 Kb.): https://www.tfaforms.com/uploads/get/86ff99b3a2a36cddf49011ede9fe59c0-magnetictnt.zip/212937/04bc64c783d11c18ee4f7bb94b7c4dd2,Life on Earth
astroaline,astroaline2.zip (2 Kb.): https://www.tfaforms.com/uploads/get/74281c556eecd759d07ef5ef495c3d49-astroaline2.zip/212937/f73d71caa20ccb9ca2305de334c8bd28,Life on Earth
zerog,Bit0G.zip (1 Kb.): https://www.tfaforms.com/uploads/get/e4ce589436833efc1fe7704a12fe0007-Bit0G.zip/212937/5db6e21f4784406697be610d158c51e4,Life on Earth
astroaline,astroaline.zip (2 Kb.): https://www.tfaforms.com/uploads/get/d81a80d72e24defcb594bede1867935d-astroaline.zip/212937/489694afc0d2355348633f73a6999985,Life on Earth
teammars,TeamMars.zip (1 Kb.): https://www.tfaforms.com/uploads/get/07dea7018dc183a249008f683c8ac55e-TeamMars.zip/212937/7fe8c5002eed8a23800c605fb3bf13a7,Life on Earth
ch2o,main.py.zip (1 Kb.): https://www.tfaforms.com/uploads/get/ec1deb177a1bb0920a7bf30147068c58-main.py.zip/212937/6db4336d962e4ed08ee2f81c174d7517,Life on Earth
youranswer,YourAnswer.zip (1 Kb.): https://www.tfaforms.com/uploads/get/2240d6bca21801c4379f4ff381ce5e54-YourAnswer.zip/212937/dceb198eebb4516905a74700716ffbe2,Life in Space
vls,vls.zip (1 Kb.): https://www.tfaforms.com/uploads/get/78e6c97b1f7bdabf2fe0fc7bacb796c6-vls.zip/212937/fe65a880ceee53ae2b809615ef3ff7be,Life on Earth
ea,ea.zip (1 Kb.): https://www.tfaforms.com/uploads/get/8651151cbaa9fe1a729904926eadb873-ea.zip/212937/f527a7d1ab91eb9af20289fa086a2a6f,Life in Space
preneste,main.zip (1 Kb.): https://www.tfaforms.com/uploads/get/26602c04c5a25c9f22ab1b0d281dc06c-main.zip/212937/7f80aab7e4c12351041ea1b18d1908ac,Life in Space
santenainspace,main.py.zip (1 Kb.): https://www.tfaforms.com/uploads/get/78989fffa9c6fbbc7b6cae61fa7f616d-main.py.zip/212937/3db8a01aae10b2540492dbeea72b303e,Life in Space
giggi3,main.py.zip (1 Kb.): https://www.tfaforms.com/uploads/get/2af0c5214160e4bbadbb4d16129156fa-main.py.zip/212937/fcc9547b5e09aeca96551e1ac390a88a,Life on Earth
teambeta,Trinket Download-astro pi bo-c35a17361a.zip (41 Kb.): https://www.tfaforms.com/uploads/get/6071c47a3e8b9f118e50aad207eaf44f-TrinketDownload-astropibo-c35a17361a.zip/212937/84a324b02929d6879ee351167c0b9325,Life in Space
spacechain,SpaceChain.zip (4 Kb.): https://www.tfaforms.com/uploads/get/205078cc7c5ef5ddf5cae88d8abb5e32-SpaceChain.zip/212937/de1d9665ae6c16634d854350865cbc94,Life on Earth
astronomicos,Trinket Download-d97843f121.zip (1 Kb.): https://www.tfaforms.com/uploads/get/82f4f64c0667c99d18f215ab1dd01fa2-TrinketDownload-d97843f121.zip/212937/df8913b1dbe8cc96ff225831d7a98905,Life on Earth
aguereteam2,AguereTeam2_main.py.zip (2 Kb.): https://www.tfaforms.com/uploads/get/abd97dc1b2328a4c44c589f2d3439b23-AguereTeam2_main.py.zip/212937/30a63d0e032f22a8e70c10a31e299765,Life on Earth
aguereteam1,AguereTeam1_main.py.zip (3 Kb.): https://www.tfaforms.com/uploads/get/3fed1faca6492c7a4680102cb44a5885-AguereTeam1_main.py.zip/212937/28f1befc46a63e6fed7c186d098e82c3,Life on Earth
teamrkt,astropi2020_final.zip (2 Kb.): https://www.tfaforms.com/uploads/get/64362fcf5431b1e22d5fb945b2af8f7a-astropi2020_final.zip/212937/7208b0c2682c0a6a14546121a3847b4f,Life on Earth
almendroscraft1,Code_Almendros-Craft.zip (3 Kb.): https://www.tfaforms.com/uploads/get/b67c48d57ab8771ef7bd8454af403e0c-Code_Almendros-Craft.zip/212937/02c8b907c65aa86ed1c2c783364c0ca3,Life on Earth
thelegendfish,thelegendfish.zip (1 Kb.): https://www.tfaforms.com/uploads/get/b732cf7eb227e676f3f2e98d5222cc32-thelegendfish.zip/212937/ba60dbf87272b58e811be0fb5c45f0a7,Life in Space
feminauts,main.zip (2 Kb.): https://www.tfaforms.com/uploads/get/6db7508c86fc1234283b20e562475fa6-main.zip/212937/2730003f2a6d52b2f3efce34fd452f47,Life on Earth
albaspace,albaspace.zip (1 Kb.): https://www.tfaforms.com/uploads/get/8d489430d5f789a7f6f9f26a6de7dcfb-albaspace.zip/212937/5f1f0194087cc638c18a4a07562d7b8f,Life on Earth
teamjrc,teamjrc.zip (1 Kb.): https://www.tfaforms.com/uploads/get/2a47c76a12ddcc772f138ae0288e51d9-teamjrc.zip/212937/4822c941995b7a2110c18073fe00d8e0,Life on Earth
tiny milk,main.zip (1 Kb.): https://www.tfaforms.com/uploads/get/5557ec489df14aaf6e06623e53138092-main.zip/212937/3ca5c12d3433b3454f7ba8a930902dda,Life on Earth
irradianceteam,main.zip (2 Kb.): https://www.tfaforms.com/uploads/get/e5148faa35cade210bd3fdd6fe375721-main.zip/212937/dc89c2c3e116e22452afa533760a2b44,Life on Earth
urbantravellers,UrbanTravellers.zip (1 Kb.): https://www.tfaforms.com/uploads/get/d818a2706ad5b7d1d037f6cc79815937-UrbanTravellers.zip/212937/74856b33ea6051e36369150099bb05b4,Life on Earth
terrapi,TerraPi.zip (1 Kb.): https://www.tfaforms.com/uploads/get/4f277937fccdbbce81cfccb88368f752-TerraPi.zip/212937/96054b1a672944e5b8adbd7d70baa16c,Life on Earth
bhteammt,main.py.zip (1 Kb.): https://www.tfaforms.com/uploads/get/9a61530ed99960b5471ad89b5b06d6f8-main.py.zip/212937/303b698d465dd518d0cc42c72c0f032f,Life on Earth
bhteamkt,main.py.zip (1 Kb.): https://www.tfaforms.com/uploads/get/7a840e84433f850fdcb3b887905191d5-main.py.zip/212937/f9d5aa288e1b4bce8102ae1a9bb19fd5,Life on Earth
astrapi,AstraPi_Main.zip (1 Kb.): https://www.tfaforms.com/uploads/get/a690de77217d82bac133fa94f1642e70-AstraPi_Main.zip/212937/960e2e6231b54a05f20025f9a302a224,Life on Earth
bhteamgt,main.py.zip (1 Kb.): https://www.tfaforms.com/uploads/get/23714cfb1362391fc039cebeb5612f81-main.py.zip/212937/48ecdfd76397d0f65e946fc90ea8a691,Life on Earth
snowrays,main.zip (1 Kb.): https://www.tfaforms.com/uploads/get/d69648ac9b5cda496b1ca9b480be8c69-main.zip/212937/f750615af18f7deee0f0fae33dfcd837,Life on Earth
tazandthewonderers,main.zip (1 Kb.): https://www.tfaforms.com/uploads/get/2fcbe836210a06d492a58f430fe222c5-main.zip/212937/34a2e5b089693c9ef26917fe5e50c234,Life on Earth
wesrocketeers,main.zip (1 Kb.): https://www.tfaforms.com/uploads/get/7d2bac19007a5a994b68d49a7fea1b87-main.zip/212937/9033cc15e124f3b611dc84697deb06b1,Life on Earth
lemondrop,main.zip (1 Kb.): https://www.tfaforms.com/uploads/get/26d0dec9c677948121f10955a49aca23-main.zip/212937/dca93429e0d2c6a4e6304dae333292c5,Life on Earth
pruscoders,pruscoders.zip (1 Kb.): https://www.tfaforms.com/uploads/get/780b5dc11b5dbec6fdd281040fa1b0b9-pruscoders.zip/212937/30c706fb3c2aa4f4f1134d1a889ca3b6,Life on Earth
libert,main.zip (3 Kb.): https://www.tfaforms.com/uploads/get/f84e71a0b008716eecf2a842f744a323-main.zip/212937/278b9ab60be088bf8660abfa07b0b1aa,Life on Earth
bhteamel,main.py.zip (1 Kb.): https://www.tfaforms.com/uploads/get/eaea7ef43195cb0debee11beb6f11abb-main.py.zip/212937/f10e0cbfa7f09b5525f9bd448fa06f50,Life on Earth
bhteamcc,main.py.zip (1 Kb.): https://www.tfaforms.com/uploads/get/6706da206670be818e96c1ea20165ebf-main.py.zip/212937/6d21fb3615a5dfc2dac53e69f6003694,Life in Space
milliwaysregulars,astro-pi.zip (13 Kb.): https://www.tfaforms.com/uploads/get/af2d17742a1fe84d25983e3ebfeb7faa-astro-pi.zip/212937/2f7456ad63579eed7b3e1a81384a7f15,Life on Earth
athensspacegirls,asg_astropi_code.py.zip (2 Kb.): https://www.tfaforms.com/uploads/get/1b8ae0d8483461e8b104f6368c9c23be-asg_astropi_code.py.zip/212937/288793ad83b0d2c3854bb80a39de2605,Life on Earth
foxes,astro-pi.zip (5 Kb.): https://www.tfaforms.com/uploads/get/3312a1e0dbf0af93e9ba5d7c663b4d42-astro-pi.zip/212937/1b96fcd48ae51c27e4e869e395d72088,Life in Space
cloudnine,CloudNine.zip (3 Kb.): https://www.tfaforms.com/uploads/get/622b21f23d26941c854e0e6902556db2-CloudNine.zip/212937/02c3824bf3cd9505c878c1018fbf4bb4,Life in Space
gildeztico,main.zip (2 Kb.): https://www.tfaforms.com/uploads/get/fc4119949fa7fb53235a33a7be3e0392-main.zip/212937/5e69b9564ddaf74259be8398a19a848a,Life in Space
pataniscas,main.zip (1 Kb.): https://www.tfaforms.com/uploads/get/26c2e85cc3d00b912898739849734678-main.zip/212937/7eba16ed79c1627cba1aaf64c700f43c,Life in Space
stcolumbasteam2,Trinket Download-a1b614f1f3 (2).zip (40 Kb.): https://www.tfaforms.com/uploads/get/97ed5f001ddd29d749279a3378426a93-TrinketDownload-a1b614f1f32.zip/212937/ac874b95ba6c1766beee619e6837a1be,Life on Earth
spacekludgers,spacekludgers.zip (4 Kb.): https://www.tfaforms.com/uploads/get/27c170fda509cbc480fd42fae16cde75-spacekludgers.zip/212937/b7035ae22be5070a611dfc375e160f3e,Life on Earth
stcolumbasteam1,Trinket Download-a1b614f1f3 (1).zip (41 Kb.): https://www.tfaforms.com/uploads/get/d4c7e7bea7982e107ec446b75a2cb3c0-TrinketDownload-a1b614f1f31.zip/212937/dbd525855ca0759406a7255ed9d71d74,Life on Earth
astrovitruvio,astrovitruvio.zip (1 Kb.): https://www.tfaforms.com/uploads/get/0bfd1d11b31068b70316f76a3fbcba4c-astrovitruvio.zip/212937/aa46efac2253ffa0337297ed26c78316,Life in Space
earth,main.zip (2 Kb.): https://www.tfaforms.com/uploads/get/70e55de0bf8a3db4271f4d6c42af7489-main.zip/212937/bfc975e94f78d73f46b0d251fec6cf18,Life on Earth
spacepi,spacepi.zip (1 Kb.): https://www.tfaforms.com/uploads/get/87511e84a79bf93bdd492b9d3d2a0df0-spacepi.zip/212937/65bffe7d0466bc5986c95dbca6e8f12e,Life on Earth
bpcpi,BPCPi.zip (3517 Kb.): https://www.tfaforms.com/uploads/get/10be37a03ab15f5f35e77cebc55aee00-BPCPi.zip/212937/3e681aff06fadb92e5d540e7ed53e593,Life in Space
teamlfo,teamlfo.zip (1 Kb.): https://www.tfaforms.com/uploads/get/aae65a222cfc4a38aeeb54591f232739-teamlfo.zip/212937/6bc6d5790b22ba6bc1aa7de467b07040,Life on Earth
teammb,teammb.zip (1 Kb.): https://www.tfaforms.com/uploads/get/e28ed5775e5d2908df5127b6cf354fb4-teammb.zip/212937/6aedffed58f4ade0aa9549d4f5673a32,Life on Earth
teammm,teammm.zip (1 Kb.): https://www.tfaforms.com/uploads/get/14e7e803917cd84c25b8b1de3c25c60a-teammm.zip/212937/c478b21cc10ce42cffeb330614ec508f,Life on Earth
teamsr,teamsr.zip (2 Kb.): https://www.tfaforms.com/uploads/get/cdb111d18ff2edf8ca55d3b69239340c-teamsr.zip/212937/b99de0c681cc2927ad0265596c9a3d3a,Life in Space
teampg,teampg.zip (1 Kb.): https://www.tfaforms.com/uploads/get/d1d9e60acd21c5e3bd3db38aca67fb6f-teampg.zip/212937/f8b180934089cc22f5617259c7642333,Life on Earth
teamds,teamds.zip (1 Kb.): https://www.tfaforms.com/uploads/get/441012f860d5433c34c6a59146c37f76-teamds.zip/212937/66f1097436255cd3933c66f430d1743a,Life on Earth
bernatelferrer,main.py.zip (1 Kb.): https://www.tfaforms.com/uploads/get/fba76bb54b42647506fbb03d6a12dce3-main.py.zip/212937/a6aac0e98622543765d67b4ada3f0f02,Life on Earth
teamlfo,teamlfo.zip (1 Kb.): https://www.tfaforms.com/uploads/get/64c90fae8bdcd768892383bcb6f8715f-teamlfo.zip/212937/b0a14bddf40fb8a37b570f61f7c4a87d,Life on Earth
aebspace,main.zip (1 Kb.): https://www.tfaforms.com/uploads/get/df2dab173cdf611d777ef977987e4bad-main.zip/212937/76ec9fce45e778978a225ce0e48b6da3,Life in Space
1g5boys,1G5Boy.zip (2 Kb.): https://www.tfaforms.com/uploads/get/26d578178808bdb0a5b5e2fe69a795c8-1G5Boy.zip/212937/b5dc398ba3df39c0f3744625bd54d6ac,Life in Space
stmarkscodeclub,main.zip (2 Kb.): https://www.tfaforms.com/uploads/get/a6b695f80b5b3afd8c7017786a50db0d-main.zip/212937/025e1096514342f61b362dc19c0d5dda,Life on Earth
yedenvironmental,main.zip (2 Kb.): https://www.tfaforms.com/uploads/get/fc5010f2ba4203dbbde5c586e891706e-main.zip/212937/94f8d99dacd2dd2f849027f6fb01eca0,Life on Earth
1g5girls,1G5-GIRLS.zip (2 Kb.): https://www.tfaforms.com/uploads/get/bed4763a75f31c28da96efad736957cd-1G5-GIRLS.zip/212937/5eb34792056fc06a3566bf4d3a843497,Life on Earth
denysgjerrige,denysgjerrige.zip (1 Kb.): https://www.tfaforms.com/uploads/get/355eafdf46e89e3ca67b75c952005553-denysgjerrige.zip/212937/b1fdf6de5aa47dfadddec163e0f140dc,Life in Space
reforesting,Reforesting_Entrepreneurs.zip (4845 Kb.): https://www.tfaforms.com/uploads/get/1d3c66d55ccc8d7768b2866d8908da7e-Reforesting_Entrepreneurs.zip/212937/664edd43260f65be98e20d314be931f4,Life on Earth
astropigmentation,astropigmentation.zip (0 Kb.): https://www.tfaforms.com/uploads/get/5ec63b3469970b2c177d00930fc73e5b-astropigmentation.zip/212937/779cfac8bd1c93740923c975e101b180,Life on Earth
chertseyradioclub,astro-pi.zip (5 Kb.): https://www.tfaforms.com/uploads/get/a5f385260d6def52bd5f078736b063dc-astro-pi.zip/212937/f7135a6942562912cf75a7a076128a89,Life on Earth
astropies1,astropies1.zip (1 Kb.): https://www.tfaforms.com/uploads/get/080dea241996e41a1681d77144282cac-astropies1.zip/212937/740e3741473b2db6446b9380070c9dad,Life on Earth
astropicture,astropicture.zip (622 Kb.): https://www.tfaforms.com/uploads/get/21b16e29c5e6550924d4784ba93b4e89-astropicture.zip/212937/d153afee154f1afeedb167235cbd5351,Life on Earth
spacemicrocombat,main.py.zip (1 Kb.): https://www.tfaforms.com/uploads/get/ff1ad01178b5163aab3071f248da6f75-main.py.zip/212937/d4a983c080461e22ba72a2c41309fa97,Life in Space
spacefireman,main.py.zip (1 Kb.): https://www.tfaforms.com/uploads/get/76035064cb11af6764fa3bdbe7e462b2-main.py.zip/212937/15bdd3677283635e889a816a9e1326f7,Life on Earth
spacemicrocombat,main.py.zip (1 Kb.): https://www.tfaforms.com/uploads/get/aef4dbcb4a953acd70942fe81899992f-main.py.zip/212937/f14320c1e4a12b7dceae2859016f3d22,Life on Earth
thetimeglobetrotters,The globetrotters.zip (1 Kb.): https://www.tfaforms.com/uploads/get/f845f09ec03095980ad6290d396fa5a0-Theglobetrotters.zip/212937/8a802e9fd345ce0de53d9a9145c5a93e,Life in Space
outsidespaceteam,main.py.zip (1 Kb.): https://www.tfaforms.com/uploads/get/897b2b6176d6607d63cd3cecd304f216-main.py.zip/212937/757675154faeb0c068d61359b69ab0c7,Life on Earth
insidespaceteam,main.py.zip (1 Kb.): https://www.tfaforms.com/uploads/get/ebab0bcfa5790daec555addabdcb6250-main.py.zip/212937/c79b6e8c87652fea0595b17a58273279,Life in Space
dzhanibekovteam,main.py.zip (1 Kb.): https://www.tfaforms.com/uploads/get/6cf2e21ac6cfae471402056da320fcd0-main.py.zip/212937/6942e7dedd41954a3258a7aed168c935,Life in Space
astrobrac,AstroBrac.zip (1 Kb.): https://www.tfaforms.com/uploads/get/9e3bcc4ce1a9ab1ce6c7755ef460d2cb-AstroBrac.zip/212937/287914e4d7c2a1b84df8ce06e0a5a31e,Life on Earth
eptoearth,EPTOEARTH.py.apk (1 Kb.): https://www.tfaforms.com/uploads/get/5ba45f9d7a3c44217d06c7fe490343a7-EPTOEARTH.py.apk/212937/c64a2f6c44ca8910778b28977bce169c,Life on Earth
koseguttene2020,koseguttene2020.zip (1 Kb.): https://www.tfaforms.com/uploads/get/6e9cac08b2d9fe1f83b0b2f5d0534f34-koseguttene2020.zip/212937/f4e0f7d2f59b4e17bd06b06c428ccfe2,Life on Earth
teamoptorb,teamoptorb.zip (2 Kb.): https://www.tfaforms.com/uploads/get/635bc684d89fa6e0e0bbd4f7f91e5d73-teamoptorb.zip/212937/07cab1ef4f7570c9721da1be26c17f44,Life on Earth
astronautespisteurs,main.zip (1 Kb.): https://www.tfaforms.com/uploads/get/a95008e612f7ef87bd8652944103a880-main.zip/212937/ebe13c9a0a27cacc359732a91d4646fb,Life in Space
1gsn1milka,main.zip (1 Kb.): https://www.tfaforms.com/uploads/get/048731839ccbe1355c00333641a6bade-main.zip/212937/a1999f1413e0a78ccb8c05d9e246c5b0,Life in Space
rbssrobotics,RBSSRobotics-AstroPi.zip (6 Kb.): https://www.tfaforms.com/uploads/get/98e9c1cad75dcf295b278bcca7aaf1da-RBSSRobotics-AstroPi.zip/212937/30d2012e33b339c244f5bb800ef6a0d1,Life on Earth
astrasspi,ASTRASS.PI.zip (2 Kb.): https://www.tfaforms.com/uploads/get/c647ca74e033565742d0f7bbe994e065-ASTRASS.PI.zip/212937/d8136e1da4c25d9c971c95e3ef3ab884,Life on Earth
zaatarpi,main.py.zip (1 Kb.): https://www.tfaforms.com/uploads/get/1988a263776e8086ce2da7590caddcd0-main.py.zip/212937/8c1ce5f989f2bf82d0bb284ec3c2e4e4,Life on Earth
pidantics,main.zip (1 Kb.): https://www.tfaforms.com/uploads/get/a729024fc546e1a092e4ed19c2045e1b-main.zip/212937/9466b3e81a5dfe67981796437c0549da,Life on Earth
sarapintas,sarapintas.zip (2 Kb.): https://www.tfaforms.com/uploads/get/ec9c4b3c6138a722c5ccf916df58fc5a-sarapintas.zip/212937/4f15c6ec3e9fafd3d78e46b192eb10e7,Life on Earth
astrasspi,ASTRASS.PI.zip (2 Kb.): https://www.tfaforms.com/uploads/get/4c7bf119f028f0b4294c0faad859a9c9-ASTRASS.PI.zip/212937/0ea093368741a895762f1154cc6fc27d,Life on Earth
mala,MALEA.zip (1 Kb.): https://www.tfaforms.com/uploads/get/1580b4991000c8f175497b1385e7139a-MALEA.zip/212937/513fd7a188b504d26fca7572bd8de27d,Life in Space
iospaceeurope,IO SPACE EUROPE.zip (1 Kb.): https://www.tfaforms.com/uploads/get/47271456e2ce23fe405934d1b2a09210-IOSPACEEUROPE.zip/212937/ccc7bd7b67bd6a1f4d1598e6b3ea0ac7,Life in Space
charliesrobotics,main.zip (2 Kb.): https://www.tfaforms.com/uploads/get/689d6375ed8e76ba02a95db2267612f4-main.zip/212937/f3562447a0717bd17c1bbca30d3bb9ab,Life in Space
kliger,main.zip (1 Kb.): https://www.tfaforms.com/uploads/get/552322334165ca0dcfb6e9ad40d67193-main.zip/212937/8169993dd47d03122b8d6a0e5d6d3fd9,Life in Space
ballenasspaceteam,main.zip (2 Kb.): https://www.tfaforms.com/uploads/get/0115e70a6faa13445e577fb21693aa85-main.zip/212937/66b7e1c4b707188d78f3f8bc4513fae3,Life in Space
astrojaslo,main.zip (2 Kb.): https://www.tfaforms.com/uploads/get/f0d986cb3e11e2db8537e4c15a9fcc58-main.zip/212937/27f04ab57770563e6dfa34100cb6a6ea,Life on Earth
blackboxes,blackboxes.zip (2 Kb.): https://www.tfaforms.com/uploads/get/7c8fef96130df9e79e808d92b0edbb0d-blackboxes.zip/212937/c30fddbb871796899676125651261edc,Life on Earth
plastrosentries,main.zip (2 Kb.): https://www.tfaforms.com/uploads/get/ec9e577c255b5b2f45733660831be58f-main.zip/212937/b3bf52a108520596795ac11b5175cbd7,Life on Earth
applepi,applepi.zip (2 Kb.): https://www.tfaforms.com/uploads/get/b4e3aae65657572ff3cd61170caedf18-applepi.zip/212937/810d7cd94f07a2938dff738b4411c602,Life on Earth
leclubastro,le_club_astro.zip (2 Kb.): https://www.tfaforms.com/uploads/get/3b0f345b8a0512af8aa22f9b1eef8a50-le_club_astro.zip/212937/7df15627cfae3e487559263c04265bcb,Life on Earth
spacequixotes2,main.zip (2 Kb.): https://www.tfaforms.com/uploads/get/49f136e5835c9b44c9dc6f492aeafd87-main.zip/212937/de782a23610d90ae01f680508f0257a5,Life on Earth
spacequixotes1,main.zip (2 Kb.): https://www.tfaforms.com/uploads/get/097169b5c7d326bb5c36a11d128457b1-main.zip/212937/a7f10a4b7dab0664ee4c48ab69828605,Life on Earth
!1ZSCL1!,ZSCL.zip (2 Kb.): https://www.tfaforms.com/uploads/get/ad5478a4cd90128666dbf39f99b50f70-ZSCL.zip/212937/d6ffadadd522806dd1bdcb4db3d42eb3,Life on Earth
lmlneat,main.zip (1 Kb.): https://www.tfaforms.com/uploads/get/4d76dfe105c794aa2768baa927d54638-main.zip/212937/44f3944821700395927df8a3cab6a04e,Life in Space
orbiters,main.zip (2 Kb.): https://www.tfaforms.com/uploads/get/ba957b8876c15660f666cd6a22ccceec-main.zip/212937/cf081593e7b139591e3ad71b29e9b2eb,Life in Space
spaceexe,main.py.zip (2 Kb.): https://www.tfaforms.com/uploads/get/9e20ae61413098e3b7d2b4c221326f19-main.py.zip/212937/3c62d112c85e030f4abfe8bcc87fba87,Life in Space
atro0pi,astr0pi.zip (1 Kb.): https://www.tfaforms.com/uploads/get/14c283ede386596a617cfff2011326b2-astr0pi.zip/212937/98208d58c26d32318f8ec1cf7056798d,Life on Earth
42digger42,42digger42.zip (3 Kb.): https://www.tfaforms.com/uploads/get/c0846771f9a81be932c91fc52ec7eb53-42digger42.zip/212937/7e19091b5552620ab805a35afca948c5,Life on Earth
astroxplorers,main.zip (2 Kb.): https://www.tfaforms.com/uploads/get/209be950fbd57b05136c5bb72ce80bd0-main.zip/212937/56c7418a596951dac82ee75a9e80dadf,Life on Earth
terraqueos,Terraqueos.zip (1 Kb.): https://www.tfaforms.com/uploads/get/f8deb4fc0d871aad9098a4f1638fd3fc-Terraqueos.zip/212937/2c9caec4ac9214d7ceb4145f91dd34ae,Life on Earth
theprotons,Protons.zip (1 Kb.): https://www.tfaforms.com/uploads/get/dab21fd218e938a45c5a40d07f7462e9-Protons.zip/212937/ad844c9ee69d550c2ee2ca15e4e86a47,Life in Space
rockyrocketeers,main.py.zip (2 Kb.): https://www.tfaforms.com/uploads/get/e7d9e3fc4ec01a4aaef694123fa18647-main.py.zip/212937/74dcf4eb40f06aaab361d212f3efe7f9,Life on Earth
astroliep,Astropi-teamastroliep.zip (2 Kb.): https://www.tfaforms.com/uploads/get/eb6bf12714d25e5d57299fe25ddb09df-Astropi-teamastroliep.zip/212937/6a640f88695737c01213e8d63fc7f297,Life on Earth
whiteeagles,White_Eagles.zip (3 Kb.): https://www.tfaforms.com/uploads/get/926206ff660bf7230669fed36adbd5b8-White_Eagles.zip/212937/f81394ba9b1cc2fa6d87d30068eb9089,Life on Earth
creativecoders,cloud_experiment.zip (1 Kb.): https://www.tfaforms.com/uploads/get/871a4805e509d691eeb479662a609cdd-cloud_experiment.zip/212937/264164744ce21648c1ed8feb166e20f1,Life on Earth
error404,main.py.zip (2 Kb.): https://www.tfaforms.com/uploads/get/ab840c242887a959de66a9cfb9a141c7-main.py.zip/212937/bfda0b9a1b077c428b5f0088f917e7a1,Life on Earth
stephenpersepeeps,main.py.zip (4 Kb.): https://www.tfaforms.com/uploads/get/8dbc74dee9c46a6bad2192df77113f4d-main.py.zip/212937/1b603d327f6914f705397e907f9d15d3,Life in Space
thepmguys,Thepmguys_IESValdesZaragoza_main.zip (2 Kb.): https://www.tfaforms.com/uploads/get/30b623cf36c1660cea7b9c1f3df8c507-Thepmguys_IESValdesZaragoza_main.zip/212937/90d65b969a6aae8c6f1e5827766ecd45,Life on Earth
wizardsunite,main.py.zip (4 Kb.): https://www.tfaforms.com/uploads/get/1b91273878836849caa01ec223a6ad0c-main.py.zip/212937/2e57afcb66ca821036d6b660aa1d9df6,Life in Space
astrotrees,astrotrees.zip (2 Kb.): https://www.tfaforms.com/uploads/get/eb489a35ebb3616f2b58139abdbdade5-astrotrees.zip/212937/c1d565d4fff058ee18ade0f206a99f0e,Life on Earth
accemag,main.py.zip (1 Kb.): https://www.tfaforms.com/uploads/get/f699cfe5af8e81378e156c402b149196-main.py.zip/212937/0debdcec6886b0c1cfa80005329b1c9c,Life in Space
ls2m2f,main LS2M2F.zip (1 Kb.): https://www.tfaforms.com/uploads/get/662757f92f14b7b76ffc610d7d056047-mainLS2M2F.zip/212937/935bf11e19903003c00805819b7a602e,Life on Earth
zigzug,main.zip (1 Kb.): https://www.tfaforms.com/uploads/get/f77b2d7d2994a12abf915d785f136f0f-main.zip/212937/7c7e1e302bb578eeb20af4d19d244775,Life on Earth
astroltn,AstroLTN.zip (6784 Kb.): https://www.tfaforms.com/uploads/get/fe723b962a98c7e745471d199065e27f-AstroLTN.zip/212937/b627727d8dd4a2d729d353a5b2794116,Life in Space
teamzcbm,main.zip (1 Kb.): https://www.tfaforms.com/uploads/get/11824ce1f009b5cd657ad51e398ddf32-main.zip/212937/0a2cd91d3dfa0a357a83aba32db4ad91,Life on Earth
spacepadawan,spacepadawan.zip (2 Kb.): https://www.tfaforms.com/uploads/get/c68158c5ecfb6f9a819ad6c365539165-spacepadawan.zip/212937/1b16b90bdd5a292f17d75ae5c9a8de71,Life on Earth
pinuts,main.py.zip (2 Kb.): https://www.tfaforms.com/uploads/get/f78be544c9de89bdc32207ffaae7acf9-main.py.zip/212937/53bcdffd99c9495ad62057694253bb9c,Life in Space
vidhyascode,LogZero Astropi V3.zip (1 Kb.): https://www.tfaforms.com/uploads/get/7765e4d078737c6cb1bf404dcc1928eb-LogZeroAstropiV3.zip/212937/255009579f139a5eac30f2f3044c29ed,Life in Space
spacewombats,main.py.zip (2 Kb.): https://www.tfaforms.com/uploads/get/7cdcae86aeedf7cc16c442d776dce9d9-main.py.zip/212937/74a9c55e22f0d767e5aea1b6c3dd230c,Life on Earth
turtlepi,turtlepi.apk (1 Kb.): https://www.tfaforms.com/uploads/get/f30e46d8cec1416a48bbc57f50b745e0-turtlepi.apk/212937/5b99ceb2becfb242962cc683658b6f30,Life on Earth
lesraspberries,raspberries.zip (2 Kb.): https://www.tfaforms.com/uploads/get/5d1c73b1b7e3d1e12ed4adc95ea7d15c-raspberries.zip/212937/1c5af8d3c5f6d3b28fc6d46352a0479b,Life in Space
earnscliffeeagles3,Code.zip (0 Kb.): https://www.tfaforms.com/uploads/get/f826c619d2245005d87489ba16d3c749-Code.zip/212937/99db38c21fd5b2d2f15f71fc6d5fdb5b,Life on Earth
orbitalcoders,OrbitalCoders.zip (1 Kb.): https://www.tfaforms.com/uploads/get/aa1f61c8d23cccf9069535962ced2c7d-OrbitalCoders.zip/212937/aa29d3ba4aa209104b163434128da79a,Life in Space
lesastropisiciennes,main.zip (1 Kb.): https://www.tfaforms.com/uploads/get/e8e1f403546f8748f9692c7c50c99457-main.zip/212937/8a0805c6d67df4d37485ef26d11171d8,Life in Space
astroltn,AstroLTN.zip (6784 Kb.): https://www.tfaforms.com/uploads/get/dedf8a462a692f0b3ef4ffa7dfb6b267-AstroLTN.zip/212937/13afa49e2bd627981ce25f4dde35bbd1,Life in Space
littlecodersiej,main.py.zip (3 Kb.): https://www.tfaforms.com/uploads/get/dd032afc451afc809687bd5356031b16-main.py.zip/212937/8b93c0fedb4e0dc627095fdee46fdad0,Life on Earth
4astra,4astra.zip (2 Kb.): https://www.tfaforms.com/uploads/get/2a7d6abaab0eb98e7389245b8e552a05-4astra.zip/212937/1216c153c7e2af5c50761df94c63b052,Life in Space
astrotugas,main.zip (2 Kb.): https://www.tfaforms.com/uploads/get/ca411a696030843761208749be30ba8c-main.zip/212937/662536669be8335c7e78bc14bf91518d,Life on Earth
mostlyharmless,MostlyHarmless2020.zip (3 Kb.): https://www.tfaforms.com/uploads/get/d582a1515c8d957cabf7a13301863f83-MostlyHarmless2020.zip/212937/a1e0b744c8f75f7e3310d1ab2c97a53b,Life on Earth
spacedout2,main.py.zip (1 Kb.): https://www.tfaforms.com/uploads/get/b55abccb470ad4843a54918a7a08e885-main.py.zip/212937/3428e9c43bf1b90314a21f2667bbdffc,Life in Space
myspace,main.py.zip (1 Kb.): https://www.tfaforms.com/uploads/get/2811dc51b2dbc1c64bd1eeecf6fdb331-main.py.zip/212937/092425a4fb976a35ad6e93029b9896a4,Life in Space
space4life,space4life.zip (3 Kb.): https://www.tfaforms.com/uploads/get/66e95b92ecd939cf6cd03aefee2a1be1-space4life.zip/212937/8abe29c41f7664676fc9ce42b905e76e,Life in Space
astrovaccina4,astrovaccina4.zip (1 Kb.): https://www.tfaforms.com/uploads/get/b45f832b75ffc3967ec3646cfa0eb215-astrovaccina4.zip/212937/c57cd8221eb95f0195eb5b600501cbd6,Life in Space
jesto,main.py.zip (3 Kb.): https://www.tfaforms.com/uploads/get/ba048dbcac415fda44ec33845c804173-main.py.zip/212937/1cb1387cc1d2cde884e988dd9acd2fd6,Life on Earth
astrovaccina2,vaccina2.zip (1 Kb.): https://www.tfaforms.com/uploads/get/e59d0308242446f7f4fbe3a46d02d693-vaccina2.zip/212937/591807277ddf45b0d6b428f9095b1939,Life on Earth
codedojovrmagneto,main.zip (2 Kb.): https://www.tfaforms.com/uploads/get/a73380a8c44c498d393b245b9cbe7753-main.zip/212937/fca953bef5fe786d39cc4b27cd98bb38,Life in Space
quantumnauts,main.zip (2 Kb.): https://www.tfaforms.com/uploads/get/269c32f098bb09736683ae9ce4f4a2ac-main.zip/212937/5ed9b8de21873dbe991aefd59d2187c3,Life on Earth
codedojovrvegetation,main.zip (2 Kb.): https://www.tfaforms.com/uploads/get/f4ce9dbc26ded80617661fa72e36fae8-main.zip/212937/8c6c85bd0de111d4170bcb137274f133,Life on Earth
codedojovrmeteor,main.zip (3 Kb.): https://www.tfaforms.com/uploads/get/45ddd84ffe0c9b86d16416f15b701045-main.zip/212937/9a5704bb2622ac72f6673cb0074dc7f6,Life on Earth
intergalacticteam,main.zip (2 Kb.): https://www.tfaforms.com/uploads/get/eab908a83cf21234eff886b404ca9c2b-main.zip/212937/7d5c9e24c7a67ce5bf756ce31dbe44e5,Life in Space
dojodetctpresence,main.zip (1 Kb.): https://www.tfaforms.com/uploads/get/21ebd475d492c7281e801d309c244c69-main.zip/212937/7df29165cf7b01e734cfd9aa91d2a215,Life in Space
CSLab3oGel,CSLab3o_code.zip (3 Kb.): https://www.tfaforms.com/uploads/get/6023c8c0322c4b021870f630b755fa97-CSLab3o_code.zip/212937/2430810ca977a9320094c285bceca433,Life on Earth
314parallax,314parallax.zip (3 Kb.): https://www.tfaforms.com/uploads/get/5397061e2ef9550df82b0a1ee5b0c7ed-314parallax.zip/212937/3fa7d8859bd836838f069dd80444b5ac,Life on Earth
astrowarning,main.py.zip (1 Kb.): https://www.tfaforms.com/uploads/get/eb49ef5f03354b883dfd3f574e229d68-main.py.zip/212937/ed9a52db8e063ff5413573455adc16a7,Life in Space
celestial,main.py.apk (1 Kb.): https://www.tfaforms.com/uploads/get/29892eb7299fef389101f9332d8da601-main.py.apk/212937/7a808c0ba804fa4c70fac57dce48b427,Life in Space
healthworld,main.zip (1 Kb.): https://www.tfaforms.com/uploads/get/5977ed03899a09ebb856e1b584d3d906-main.zip/212937/ee4ef4cc5e5c787f93a880ce7d9056e1,Life on Earth
astropigirls,testehumidadeAstroPiGirls.zip (1 Kb.): https://www.tfaforms.com/uploads/get/ecfd3c602573131296413547103a2e6e-testehumidadeAstroPiGirls.zip/212937/1cf9667ee446d73cca80207e1f857370,Life in Space
interschoolspace,main.zip (3 Kb.): https://www.tfaforms.com/uploads/get/2f193792c3638a1708829208bcb7f428-main.zip/212937/7f6f7d8667c97658a69aa5d639e148a6,Life in Space
